﻿{
	"Music" : [
	{
		"Id": "HOY-SerenadeOfThunder",
		"File": "Seranade of Thunder.ogg",
		"Loop": false
	},
	{
		"Id": "HOY-BirthdaySonata",
		"File": "Birthday Sonata.ogg",
		"Loop": false
	},
	{
		"Id": "HOY-BalladOfTheWanderer",
		"File": "Ballad of the Wanderer.ogg",
		"Loop": false
	},
	{
		"Id": "HOY-PreludeToYoba",
		"File": "Prelude of Yoba.ogg",
		"Loop": false
	},
	{
		"Id": "HOY-FishermentsLament",
		"File": "Fishermans Lament.ogg",
		"Loop": false
	},
	{
		"Id": "HOY-OdeToTheDark",
		"File": "Ode to Darkness.ogg",
		"Loop": false
	},
	{
		"Id": "HOY-AnimalsAria",
		"File": "Animal Aria.ogg",
		"Loop": false
	},
	{
		"Id": "HOY-AdventurersAllegro",
		"File": "Adventurers Allegro.ogg",
		"Loop": false
	},
	{
		"Id": "HOY-FarmersLullaby",
		"File": "Farmers Lullaby.ogg",
		"Loop": false
	},
	{
		"Id": "HOY-RondoOfTime",
		"File": "Rondo of Time.ogg",
		"Loop": false
	}
	]
}