{
   "name": "Standart Drawer",
   "author": "Platonymous",
   "version": "1.0.0",
  "machines": [
    {
      "id": 0,
      "name": "Standart Drawer",
      "description": "Left part of a Drawer that acts like a chest",
      "category": "Chest",
      "texture": "drawer.png",
      "crafting": "388 10",
      "pulsate": false
    },
    {
      "id": 1,
      "name": "Standart Drawer",
      "description": "Right part of a Drawer that acts like a chest",
      "category": "Chest",
      "texture": "drawer.png",
      "tileindex":  1,
      "crafting": "388 10",
      "pulsate": false
    }
  ]
}