{
   "Type": "CustomFarming.simpleMachine",
   "Name": "Slime Scarecrow",
   "Description": "A slimy Scarecrow",
   "Tilesheet" : "MoreMachines.png",
   "TileIndex" : 7,
   "WorkAnimationFrames" : 6,
   "CategoryName" : "Scarecrow",
   "Materials" : [],
   "RequieredStack" : 0,
   "StarterMaterial" : 0,
   "StarterMaterialStack" : 0,
   "Produce": {
      "Name": "",
      "Description": "",
	  "usePrefix" : false,
	  "useColor" : false,
	  "ProduceID" : 0,
	  "Tilesheet" : "",
	  "TileIndex" : 0,
	  "Stack" : 0,
	  "ProductionTime" : 0
   }
}