﻿{
  "name": "World Cup 2018 Jerseys",
  "id": "Platonymous.WorldCup2018",
  "version": "1.0.0",
  "author": "Platonymous",
  "jerseys": [
    {
      "id": "Germany",
      "texture": "jersey_germany.png",
      "baseid": 20,
      "scale": 4
    },
    {
      "id": "Saudi-Arabia",
      "texture": "jersey_saudi-arabia.png",
      "baseid": 20,
      "scale": 4
    },
    {
      "id": "England",
      "texture": "jersey_england.png",
      "baseid": 20,
      "scale": 4
    },
    {
      "id": "Argentina",
      "texture": "jersey_argentina.png",
      "baseid": 20,
      "scale": 4
    },
    {
      "id": "Portugal",
      "texture": "jersey_portugal.png",
      "baseid": 1,
      "scale": 4
    },
    {
      "id": "Spain",
      "texture": "jersey_spain.png",
      "baseid": 1,
      "scale": 4
    },
    {
      "id": "Russia",
      "texture": "jersey_russia.png",
      "baseid": 1,
      "scale": 4
    },
    {
      "id": "Brazil",
      "texture": "jersey_brazil.png",
      "baseid": 8,
      "scale": 4
    }
  ]
}