{
  "useid": "Platonymous.Examples",
  "machines": [
    {
      "id": 0,
      "name": "Alien Idol",
      "legacy": "Platonymous.More.AlienIdol.json",
      "description": "Produces Rare Seeds out of cosmic energy if placed outdoors",
      "category": "Crafting",
      "texture": "MoreMachines.png",
      "tileindex": 0,
      "pulsate": false,
      "lightsource": true,
      "worklight": false,
      "lightcolor": [ 0, 0, 0, 255 ],
      "lightradius": 2.0,
      "frames": 4,
      "workconditions": "LC caller.location.IsOutdoors",
      "conditionalanimation": true,
      "crafting": "336 20 768 20",
      "production": [
        {
          "item": "Rare Seed",
          "time": 1200
        }
      ]
    },
    {
      "id": 1,
      "name": "Lemonade Maker",
      "legacy": "Platonymous.LemonadeMaker.json",
      "description": "Turns fruits into a refreshing beverage",
      "category": "Crafting",
      "crafting": "338 10 388 20 62 1",
      "texture": "lemonade.png",
      "tileindex": 0,
      "pulsate": false,
      "frames": 8,
      "starter": {
        "index": 245,
        "stack": 3
      },
      "production": [
        {
          "name": "Lemonade",
          "decription": "A refreshing beverage",
          "prefix": true,
          "colored": true,
          "index": 612,
          "price": "original + (input * 2)",
          "time": 60,
          "texture": "producetilesheet.png",
          "tileindex": 0,
          "materials": [
            {
              "index": -79,
              "stack": 3
            }
          ]
        },
        {
          "name": "Stardew Cola",
          "decription": "A refreshing beverage",
          "index": 176,
          "colored": true,
          "color": [ 110, 80, 40, 255 ],
          "price": "original + (input * 2)",
          "time": 60,
          "texture": "producetilesheet.png",
          "tileindex": 0,
          "materials": [
            {
              "index": 433
            }
          ]
        },
        {
          "name": "Root Beer",
          "decription": "A refreshing beverage",
          "index": 176,
          "colored": true,
          "color": [ 70, 50, 40, 255 ],
          "price": "original + (input * 2)",
          "time": 60,
          "texture": "producetilesheet.png",
          "tileindex": 0,
          "materials": [
            {
              "index": 412
            }
          ]
        },
        {
          "name": "Malt Beer",
          "decription": "A refreshing beverage",
          "index": 176,
          "colored": true,
          "color": [ 190, 140, 60, 255 ],
          "price": "original + (input * 2)",
          "time": 60,
          "texture": "producetilesheet.png",
          "tileindex": 0,
          "materials": [
            {
              "index": 304
            }
          ]
        }
      ]
    },
    {
      "id": 2,
      "legacy": "Platonymous.More.SlimeRarecrow.json",
      "name": "Slime Scarecrow",
      "description": "A slimy Scarecrow",
      "category": "Scarecrow",
      "crafting": "766 50 388 100",
      "texture": "MoreMachines.png",
      "tileindex": 7,
      "pulsate": false,
      "frames": 6
    },
    {
      "id": 3,
      "name": "Sushi Barrel",
      "legacy": "Platonymous.SushiBarrel.json",
      "description": "Turns rice and vinegar into sushi",
      "category": "Crafting",
      "crafting": "709 20 335 5",
      "texture": "machines.png",
      "tileindex": 2,
      "starter": {
        "index": 419,
        "stack": 10
      },
      "production": [
        {
          "name": "Sushi",
          "description": "Fermented rice",
          "index": 228,
          "time": 1800,
          "price": "original + (input * 3)",
          "quality": 4,
          "stack": 5,
          "texture": "producetilesheet.png",
          "tileindex": 3,
          "materials": [
            {
              "index": 423,
              "stack": 10
            }
          ]
        }
      ]
    },
    {
      "id": 4,
      "name": "Oil Mill",
      "legacy": "Platonymous.OilMill.json",
      "description": "Turns vegetables, forage or fish into oil",
      "category": "Crafting",
      "crafting": "766 50 709 20 337 1",
      "texture": "machines.png",
      "tileindex": 0,
      "production": [
        {
          "index": 247,
          "time": 120,
          "quality": -1,
          "prefix": true,
          "exclude": [ 248 ],
          "include": [ -81, -80 ],
          "materials": [
            {
              "index": -75,
              "quality": -4
            }
          ]
        },
        {
          "name": "Deluxe Oil",
          "index": 247,
          "time": 120,
          "quality": -1,
          "insert": true,
          "exclude": [ 248 ],
          "include": [ -81, -80 ],
          "materials": [
            {
              "index": -75,
              "quality": 4
            }
          ]
        },
        {
          "index": 772,
          "time": 120,
          "quality": -1,
          "materials": [
            {
              "index": 248,
              "stack": 10,
              "quality": -4
            }
          ]
        },
        {
          "index": 772,
          "time": 120,
          "quality": -1,
          "materials": [
            {
              "index": 248,
              "stack": 5,
              "quality": 4
            }
          ]
        },
        {
          "name": "Oil of",
          "index": 247,
          "time": 120,
          "quality": -1,
          "custom": true,
          "suffix": true,
          "materials": [
            {
              "index": -4
            }
          ]
        },
        {
          "index": 247,
          "time": 120,
          "quality": -1,
          "materials": [
            {
              "index": -74,
            }
          ]
        }
      ]
    },
    {
      "id": 5,
      "name": "Grill",
      "legacy": "Platonymous.More.Grill.json",
      "description": "Grills vegetables and fish",
      "category": "Crafting",
      "crafting": "335 5 539 1",
      "lightsource": true,
      "lightcolor": [ 0, 139, 139, 255 ],
      "lightradius": 1.5,
      "worklight": true,
      "texture": "MoreMachines.png",
      "tileindex": 14,
      "frames": 5,
      "pulsate": false,
      "showitem": true,
      "itempos": [ 14, 32 ],
      "itemzoom": 0.6,
      "forsale": true,
      "shop": "Pierre",
      "price": "2000",
      "starter": {
        "index": 382
      },
      "production": [
        {
          "name": "Grilled",
          "description": "Grilled goodness",
          "index": 198,
          "time": 30,
          "suffix": true,
          "texture": "MoreProduce.png",
          "tileindex": 3,
          "quality": -1,
          "materials": [
            {
              "index": -4,
            }
          ]
        },
        {
          "name": "Grilled",
          "description": "Grilled goodness",
          "suffix": true,
          "index": 200,
          "time": 30,
          "texture": "MoreProduce.png",
          "tileindex": 4,
          "quality": -1,
          "materials": [
            {
              "index": -75,
            }
          ]
        },
        {
          "name": "Grilled Sandwich",
          "description": "Grilled goodness",
          "insert": true,
          "index": 200,
          "time": 30,
          "texture": "MoreProduce.png",
          "tileindex": 2,
          "quality": -1,
          "include": [ 426 ],
          "materials": [
            {
              "index": 424,
            }
          ]
        }
      ]
    }
  ]
}