{
   "useid": "Platonymous.NewMachines",
  "machines": [
    {
      "id": 0,
      "name": "Butter Churn",
      "legacy": "Platonymous.NewMachines.ButterChurn.json",
      "description": "Turns cow milk into butter",
      "category": "Crafting",
      "texture": "newmachines.png",
      "crafting": "388 30 709 10 334 1",
      "pulsate": false,
      "readyindex": 12,
      "tileindex": 5,
      "frames": 12,
      "production": [
        {
          "name": "Butter",
          "description": "Plain old butter",
          "texture": "newproduce.png",
          "tileindex": 6,
          "index": 247,
          "time": 600,
          "materials": [
            {
              "index": 184
            }
          ]
        },
        {
          "name": "Quality Butter",
          "description": "Plain old butter",
          "texture": "newproduce.png",
          "tileindex": 6,
          "index": 247,
          "time": 600,
          "quality": 4,
          "materials": [
            {
              "index": 186
            }
          ]
        }
      ]
    },
    {
      "id": 1,
      "legacy": "Platonymous.NewMachines.HayDryer.json",
      "name": "Hay Dryer",
      "description": "Dries fiber into hay",
      "category": "Crafting",
      "crafting": "388 30 709 2",
      "texture": "newmachines.png",
      "pulsate": false,
      "tileindex": 1,
      "readyindex": 4,
      "frames": 2,
      "production": [
        {
          "item": "Hay",
          "time": 600,
          "stack": 3,
          "materials": [
            {
              "index": 771,
              "stack": 3
            }
          ]
        }
      ]
    },
    {
      "id": 2,
      "legacy": "Platonymous.NewMachines.IceMachine.json",
      "name": "Ice Machine",
      "description": "Freezes fruits and milk",
      "category": "Crafting",
      "crafting": "335 3 84 10",
      "texture": "newmachines.png",
      "tileindex": 26,
      "starter": {
        "index": 245,
        "stack": 5
      },
      "production": [
        {
          "name": "Popsicle",
          "description": "A frosty treat",
          "index": 233,
          "time": 400,
          "texture": "newproduce.png",
          "colored": true,
          "prefix": true,
          "tileindex": 9,
          "materials": [
            {
              "index": -79
            }
          ]
        },
        {
          "name": "Sunday",
          "description": "Ice Cream",
          "index": 233,
          "time": 400,
          "texture": "newproduce.png",
          "tileindex": 10,
          "quality": 2,
          "materials": [
            {
              "index": 184
            }
          ]
        },
        {
          "name": "Big Sunday",
          "description": "Ice Cream",
          "index": 233,
          "time": 400,
          "texture": "newproduce.png",
          "tileindex": 10,
          "quality": 4,
          "materials": [
            {
              "index": 186
            }
          ]
        }
      ]
    },
    {
      "id": 3,
      "name": "Pasta Maker",
      "legacy": "Platonymous.NewMachines.PastaMaker.json",
      "description": "Forms floar and egg into noodles",
      "category": "Crafting",
      "crafting": "388 15 709 1 335 1",
      "texture": "newmachines.png",
      "pulsate": false,
      "tileindex": 20,
      "readyindex": 25,
      "frames": 4,
      "starter": {
        "index": 246
      },
      "production": [
        {
          "name": "Pasta",
          "texture": "newproduce.png",
          "tileindex": 8,
          "index": 224,
          "time": 400,
          "stack": 5,
          "materials": [
            {
              "index": 176,
              "stack": 3
            }
          ]
        },
        {
          "name": "Pasta",
          "texture": "newproduce.png",
          "tileindex": 8,
          "index": 224,
          "time": 400,
          "stack": 5,
          "materials": [
            {
              "index": 182,
              "stack": 1
            }
          ]
        }
      ]
    },
    {
      "id": 4,
      "name": "Soap Kitchen",
      "legacy": "Platonymous.NewMachines.SoapKitchen.json",
      "description": "Use flowers and oil to make soap",
      "category": "Crafting",
      "crafting": "388 10 335 1 336 1 572 1",
      "texture": "newmachines2.png",
      "pulsate": false,
      "tileindex": 0,
      "readyindex": 7,
      "frames": 6,
      "starter": {
        "index": 247
      },
      "production": [
        {
          "name": "Soap",
          "description": "All natural soap",
          "texture": "newproduce.png",
          "tileindex": 11,
          "price": "original + (input * 2)",
          "index": 224,
          "time": 600,
          "prefix": true,
          "materials": [
            {
              "index": -80
            }
          ]
        }
      ]
    },
    {
      "id": 5,
      "name": "Yogurt Rack",
      "legacy": "Platonymous.NewMachines.YoghurtRack.json",
      "description": "Turns milk into yogurt",
      "category": "Crafting",
      "crafting": "388 35 709 2 338 1",
      "texture": "newmachines.png",
      "tileindex": 18,
      "readyindex": 19,
      "frames": 1,
      "production": [
        {
          "name": "Yogurt from",
          "description": "Plain unflavored yogurt",
          "texture": "newproduce.png",
          "price": "original + input",
          "tileindex": 7,
          "index": 349,
          "time": 600,
          "suffix": true,
          "materials": [
            {
              "index": 184,
              "stack": 2
            }
          ]
        },
        {
          "name": "Yogurt from ",
          "description": "Plain unflavored yogurt",
          "texture": "newproduce.png",
          "tileindex": 7,
          "index": 349,
          "time": 600,
          "price": "original + input",
          "suffix": true,
          "quality": 4,
          "materials": [
            {
              "index": 186,
              "stack": 1
            }
          ]
        },
        {
          "name": "Yogurt from ",
          "description": "Plain unflavored yogurt",
          "texture": "newproduce.png",
          "tileindex": 7,
          "index": 349,
          "time": 600,
          "price": "original + input",
          "suffix": true,
          "materials": [
            {
              "index": 436,
              "stack": 2
            }
          ]
        },
        {
          "name": "Yogurt from ",
          "description": "Plain unflavored yogurt",
          "texture": "newproduce.png",
          "tileindex": 7,
          "index": 349,
          "time": 600,
          "price": "original + input",
          "suffix": true,
          "quality": 4,
          "materials": [
            {
              "index": 438
            }
          ]
        }
      ]
    },
    {
      "id": 6,
      "name": "Vinegar Jar",
      "legacy": "Platonymous.NewMachines.VinegarJar.json",
      "description": "Make your own vinegar",
      "category": "Crafting",
      "crafting": "330 30 766 10 334 1",
      "texture": "newmachines.png",
      "tileindex": 0,
      "production": [
        {
          "name": "Aceto Balsamico di Pelicano",
          "texture": "newproduce.png",
          "tileindex": 4,
          "price": "original + (input * 2)",
          "index": 419,
          "quality": 4,
          "time": 600,
          "materials": [
            {
              "index": 398,
              "quality": 4
            }
          ]
        },
        {
          "name": "Vinegar",
          "tileindex": 0,
          "index": 419,
          "time": 600,
          "price": "original + (input * 2)",
          "prefix": true,
          "materials": [
            {
              "index": 348,
              "quality": -4
            }
          ]
        },
        {
          "name": "Condimento Balsamico",
          "texture": "newproduce.png",
          "tileindex": 4,
          "index": 419,
          "price": "original + (input * 2)",
          "quality": 2,
          "time": 600,
          "materials": [
            {
              "index": 398
            }
          ]
        },
        {
          "name": "Apple Cider Vinegar",
          "texture": "newproduce.png",
          "tileindex": 1,
          "index": 419,
          "quality": 1,
          "price": "original + (input * 2)",
          "time": 600,
          "materials": [
            {
              "index": 613
            }
          ]
        },
        {
          "name": "Rice Vinegar",
          "texture": "newproduce.png",
          "tileindex": 1,
          "index": 419,
          "price": "original + (input * 2)",
          "time": 600,
          "materials": [
            {
              "index": 423
            }
          ]
        },
        {
          "name": "White Vinegar",
          "texture": "newproduce.png",
          "tileindex": 2,
          "index": 419,
          "price": "original + (input * 2)",
          "time": 600,
          "materials": [
            {
              "index": 262
            }
          ]
        },
        {
          "name": "Coconut Vinegar",
          "texture": "newproduce.png",
          "tileindex": 2,
          "index": 419,
          "quality": 1,
          "price": "original + (input * 2)",
          "time": 600,
          "materials": [
            {
              "index": 88
            }
          ]
        },
        {
          "name": "Malt Vinegar",
          "texture": "newproduce.png",
          "tileindex": 3,
          "index": 419,
          "quality": 1,
          "price": "original + (input * 2)",
          "time": 600,
          "materials": [
            {
              "index": 303
            }
          ]
        },
        {
          "name": "Beer Vinegar",
          "texture": "newproduce.png",
          "tileindex": 1,
          "index": 419,
          "quality": 1,
          "time": 600,
          "materials": [
            {
              "index": 346
            }
          ]
        }
      ]
    }
  ]
}