{
   "useid": "Platonymous.Mystical",
   "machines":
   [
	   {
		   "id": 0,
		   "legacy": "Platonymous.Mystical.TimeSphere.json",
		   "name": "Time Sphere",
		   "description": "Causes temporal displacemnet",
		   "category": "Crafting",
		   "crafting" : "335 1 70 1 62 1 60 1",
		   "pulsate": false,
		   "texture": "mystical.png",
		   "shop": "Krobus",
		   "forsale": true,
		   "price": 100000,
		   "readyindex": 11,
		   "frames": 10,
		   "starter":
			{
				"index": 787,
				"stack": 1
			},
		   "production":
			[
				{
					"item": "Dinosaur Egg",
					"time": 1200,
					"materials":
					[
						{
							"item": "Large Egg",
							"stack": 5
						}
					]
				},
				{
					"index": 709,
					"stack": 5,
					"time": 1200,
					"materials":
					[
						{
							"index": 388,
							"stack": 20
						}
					]
				},
				{
					"index": 499,
					"stack": 10,
					"time": 1200,
					"materials":
					[
						{
							"index": 770,
							"stack": 50
						}
					]
				},
				{
					"index": 305,
					"time": 1200,
					"materials":
					[
						{
							"index": 442,
							"stack": 2
						}
					]
				},
				{
					"index": 72,
					"time": 1200,
					"materials":
					[
						{
							"index": 382,
							"stack": 50
						}
					]
				},
				{
					"index": 94,
					"time": 1200,
					"materials":
					[
						{
							"index": 93,
							"stack": 10
						}
					]
				}
			]
	   }
   ]
}