{
   "Type": "CustomFarming.simpleMachine",
   "Name": "Sushi Barrel",
   "Description": "Turns rice and vinegar into sushi",
   "Tilesheet" : "machines.png",
   "TileIndex" : 2,
   "WorkAnimationFrames" : 0,
   "CategoryName" : "Crafting",
   "Materials" : [423],
   "RequieredStack" : 10,
   "StarterMaterial" : 419,
   "StarterMaterialStack" : 10,
   "Produce": {
      "Name": "Sushi",
      "Description": "Fermented rice",
	  "usePrefix" : false,
	  "useColor" : false,
	  "ProduceID" : 228,
	  "Tilesheet" : "producetilesheet.png",
	  "TileIndex" : 3,
	  "Stack" : 5,
	  "ProductionTime" : 20
   }  
}