{
   "Type": "CustomFarming.simpleMachine",
   "Name": "Alien Idol",
   "Description": "Produces Rare Seeds out of cosmic energy.",
   "Tilesheet" : "MoreMachines.png",
   "TileIndex" : 0,
   "WorkAnimationFrames" : 4,
   "CategoryName" : "Crafting",
   "Materials" : [],
   "RequieredStack" : 0,
   "StarterMaterial" : 0,
   "StarterMaterialStack" : 0,
   "Produce": {
      "Name": "Rare Seed",
      "Description": "Sow in fall. Takes all season to grow.",
	  "usePrefix" : false,
	  "useColor" : false,
	  "ProduceID" : 347,
	  "Tilesheet" : "MoreProduce.png",
	  "TileIndex" : 0,
	  "Stack" : 1,
	  "ProductionTime" : 120
   }
}