{
   "Type": "CustomFarming.simpleMachine",
   "Name": "Grill",
   "Description": "Grills vegetables and fish",
   "Tilesheet" : "MoreMachines.png",
   "TileIndex" : 14,
   "WorkAnimationFrames" : 5,
   "CategoryName" : "Outdoor Cooking",
   "Materials" : [-4,-75,424,426],
   "RequieredStack" : 1,
   "StarterMaterial" : 0,
   "StarterMaterialStack" : 0,
   "displayItem" : true,
   "displayItemX" : 14,
   "displayItemY" : 32,
   "displayItemZoom" : 0.6,
   "Produce": {
      "Name": "Griled Fish",
      "Description": "Grilled goodness",
	  "usePrefix" : false,
	  "useColor" : false,
	  "ProduceID" : 198,
	  "Tilesheet" : "MoreProduce.png",
	  "TileIndex" : 3,
	  "Stack" : 1,
	  "ProductionTime" : 20
   },
   "SpecialProduce" : 	[
	  {
	  "Material" : -75,
	  "Name": "Grilled Vegetables",
	  "usePrefix" : false,
	  "TileIndex" : 4,
	  "ProduceID" : 200
	  },
	  {
	  "Material" : -5,
	  "Name": "Grilled Cheese Sandwich",
	  "usePrefix": false,
	  "TileIndex" : 2,
	  "ProduceID" : 241
	  }
	  ]   
}