﻿{
  "shirts": [
    {
      "id": "Germany",
      "texture": "assets/jersey_germany.png",
      "baseid": 20,
      "scale": 4
    },
    {
      "id": "Saudi-Arabia",
      "texture": "assets/jersey_saudi-arabia.png",
      "baseid": 20,
      "scale": 4
    },
    {
      "id": "England",
      "texture": "assets/jersey_england.png",
      "baseid": 20,
      "scale": 4
    },
    {
      "id": "Argentina",
      "texture": "assets/jersey_argentina.png",
      "baseid": 20,
      "scale": 4
    },
    {
      "id": "Portugal",
      "texture": "assets/jersey_portugal.png",
      "baseid": 1,
      "scale": 4
    },
    {
      "id": "Spain",
      "texture": "assets/jersey_spain.png",
      "baseid": 1,
      "scale": 4
    },
    {
      "id": "Russia",
      "texture": "assets/jersey_russia.png",
      "baseid": 1,
      "scale": 4
    },
    {
      "id": "Brazil",
      "texture": "assets/jersey_brazil.png",
      "baseid": 9,
      "scale": 4
    }
  ],
  "hats": [
    {
      "id": "ACap",
      "texture": "assets/acap.png",
      "scale": 8,
      "baseid": 20,
      "name": "A. Cap",
      "description": "A baseball cap"
    }
  ]
}