{
   "Type": "CustomFarming.simpleMachine",
   "Name": "Soap Maker",
   "Description": "Turns flowers and oil into soap",
   "Tilesheet" : "MoreMachines.png",
   "TileIndex" : 5,
   "WorkAnimationFrames" : 1,
   "CategoryName" : "Crafting",
   "Materials" : [-80,88],
   "RequieredStack" : 1,
   "StarterMaterial" : 247,
   "StarterMaterialStack" : 1,
   "Produce": {
      "Name": "Soap",
      "Description": "All natural soap.",
	  "usePrefix" : true,
	  "useColor" : false,
	  "ProduceID" : 344,
	  "Tilesheet" : "MoreProduce.png",
	  "TileIndex" : 1,
	  "Stack" : 1,
	  "ProductionTime" : 40
   }
}