{
   "Type": "CustomFarming.simpleMachine",
   "Name": "Oil Mill",
   "Description": "Turns vegetables, forage or fish into oil",
   "Tilesheet" : "machines.png",
   "TileIndex" : 0,
   "WorkAnimationFrames" : 0,
   "CategoryName" : "Crafting",
   "Materials" : [-75,-81,-4],
   "RequieredStack" : 1,
   "StarterMaterial" : 0,
   "StarterMaterialStack" : 0,
   "Produce": {
      "Name": "Oil",
      "Description": "Special purpose cooking oil.",
	  "usePrefix" : true,
	  "useColor" : false,
	  "ProduceID" : 247,
	  "Tilesheet" : "producetilesheet.png",
	  "TileIndex" : 1,
	  "Stack" : 1,
	  "ProductionTime" : 20
   },
   "SpecialProduce" : 	[
	  {
	  "Material" : -4,
	  "Name": "Fish Oil",
	  "ProduceID" : 72,
	  "usePrefix": false,
	  }
	  ]   
}