{
   "Type": "CustomFarming.simpleMachine",
   "Name": "Yogurt Maker",
   "Description": "Turns milk into yogurt",
   "Tilesheet" : "machines.png",
   "TileIndex" : 1,
   "WorkAnimationFrames" : 0,
   "CategoryName" : "Crafting",
   "Materials" : [436,438,184,186],
   "RequieredStack" : 1,
   "StarterMaterial" : 0,
   "StarterMaterialStack" : 0,
   "Produce": {
      "Name": "Whole Milk Yogurt",
      "Description": "Plain unflavored yogurt.",
	  "usePrefix" : false,
	  "useColor" : false,
	  "ProduceID" : 349,
	  "Tilesheet" : "producetilesheet.png",
	  "TileIndex" : 2,
	  "Stack" : 1,
	  "ProductionTime" : 20
   },
   "SpecialProduce" : 	[
	  {
	  "Material" : 436,
	  "Name": "Goat Milk Yogurt",
	  "usePrefix": false,
	  },
	  {
	  "Material" : 438,
	  "Name": "Goat Milk Yogurt",
	  "usePrefix": false,
	  }
	  ]   
}