{
   "Type": "CustomFarming.simpleMachine",
   "Name": "Lemonade Maker",
   "Description": "Turns fruits into a refreshing beverage",
   "Tilesheet" : "tilesheet.png",
   "TileIndex" : 0,
   "CategoryName" : "Crafting",
   "Materials" : [-79,412,245,246],
   "RequieredStack" : 3,
   "StarterMaterial" : 245,
   "StarterMaterialStack" : 2,
   "Produce": {
      "Name": "Lemonade",
      "Description": "A refreshing beverage",
	  "usePrefix" : true,
	  "useColor" : true,
	  "ProduceID" : 612,
	  "Tilesheet" : "producetilesheet.png",
	  "TileIndex" : 0,
	  "Stack" : 1,
	  "ProductionTime" : 20
   },
   "SpecialProduce" : 	[
	  {
	  "Material" : 245,
	  "Name": "Stardew Cola",
	  "usePrefix": false,
	  },
	  {
	  "Material" : 421,
	  "Name": "Root Beer",
	  "usePrefix": false,
	  },
	  {
	  "Material" : 246,
	  "Name": "Malt Beer",
	  "usePrefix": false,
	  }
	  ]   
}